position	qual	coverage	A	T	C	G	a	t	c	g	sample	ref
10777	0	147	0	28	46	0	0	30	43	0	240826Chi_D24-13557	C
20384	290	170	0	0	85	0	0	0	85	0	240826Chi_D24-13557	T
56667	290	198	89	0	0	0	109	0	0	0	240826Chi_D24-13557	C
66119	0	163	1	52	33	1	0	43	33	0	240826Chi_D24-13557	T
215324	290	163	0	82	0	0	0	81	0	0	240826Chi_D24-13557	C
234040	290	132	0	1	0	64	0	0	0	67	240826Chi_D24-13557	T
354931	290	184	1	101	0	0	0	82	0	0	240826Chi_D24-13557	A
422386	290	148	77	0	0	0	71	0	0	0	240826Chi_D24-13557	G
456158	290	132	0	76	0	0	0	56	0	0	240826Chi_D24-13557	A
456159	290	132	0	76	0	0	0	56	0	0	240826Chi_D24-13557	C
467150	290	174	101	0	0	0	73	0	0	0	240826Chi_D24-13557	G
577269	290	217	109	0	0	0	108	0	0	0	240826Chi_D24-13557	G
630550	290	153	69	0	0	0	84	0	0	0	240826Chi_D24-13557	G
679340	290	171	0	0	0	99	0	0	0	72	240826Chi_D24-13557	T
762764	290	207	112	0	0	0	95	0	0	0	240826Chi_D24-13557	G
845540	290	243	104	0	0	0	139	0	0	0	240826Chi_D24-13557	G
854993	0	220	53	1	0	62	50	0	0	54	240826Chi_D24-13557	A
859869	290	126	60	0	0	0	66	0	0	0	240826Chi_D24-13557	G
860229	290	142	0	68	0	0	0	74	0	0	240826Chi_D24-13557	G
880035	290	169	85	0	0	0	84	0	0	0	240826Chi_D24-13557	G
914282	290	251	125	0	0	0	126	0	0	0	240826Chi_D24-13557	G
986468	290	143	80	0	0	0	63	0	0	0	240826Chi_D24-13557	G
1116463	0	163	0	0	43	35	0	0	50	35	240826Chi_D24-13557	C
1146134	290	183	76	0	0	0	107	0	0	0	240826Chi_D24-13557	G
1278649	290	158	76	0	0	0	82	0	0	0	240826Chi_D24-13557	T
1309866	290	168	0	89	0	0	0	79	0	0	240826Chi_D24-13557	A
1334890	290	225	0	0	0	114	0	0	0	111	240826Chi_D24-13557	C
1334904	290	236	1	0	119	0	0	0	116	0	240826Chi_D24-13557	A
1335199	290	192	85	0	0	0	107	0	0	0	240826Chi_D24-13557	C
1425705	290	208	0	0	100	0	0	0	108	0	240826Chi_D24-13557	T
1494883	290	202	110	0	1	0	91	0	0	0	240826Chi_D24-13557	C
1515640	290	136	0	0	0	89	0	0	0	47	240826Chi_D24-13557	A
1580333	290	193	0	106	0	0	0	87	0	0	240826Chi_D24-13557	G
10777	0	214	0	48	58	0	0	48	60	0	240826Chi_D24-13558	C
20384	290	182	0	0	94	0	0	0	88	0	240826Chi_D24-13558	T
56667	290	217	100	0	0	0	116	1	0	0	240826Chi_D24-13558	C
66119	0	241	0	77	45	1	0	71	47	0	240826Chi_D24-13558	T
215324	290	248	0	125	0	0	0	123	0	0	240826Chi_D24-13558	C
234040	290	194	0	0	0	97	0	0	0	97	240826Chi_D24-13558	T
354931	290	164	0	82	0	0	0	82	0	0	240826Chi_D24-13558	A
422386	290	176	93	0	0	0	83	0	0	0	240826Chi_D24-13558	G
456158	290	146	0	77	0	0	0	69	0	0	240826Chi_D24-13558	A
456159	290	145	1	76	0	0	0	68	0	0	240826Chi_D24-13558	C
467150	290	192	107	0	0	0	85	0	0	0	240826Chi_D24-13558	G
577269	290	339	156	0	0	0	183	0	0	0	240826Chi_D24-13558	G
630550	290	187	88	0	0	0	97	1	0	1	240826Chi_D24-13558	G
679340	290	220	0	0	0	115	0	1	0	104	240826Chi_D24-13558	T
762764	290	232	118	0	0	0	114	0	0	0	240826Chi_D24-13558	G
845540	290	199	92	0	0	0	107	0	0	0	240826Chi_D24-13558	G
854993	0	266	64	0	0	80	47	0	0	75	240826Chi_D24-13558	A
859869	290	169	81	0	0	0	87	1	0	0	240826Chi_D24-13558	G
860229	290	171	0	80	0	0	0	91	0	0	240826Chi_D24-13558	G
880035	290	207	102	0	0	0	105	0	0	0	240826Chi_D24-13558	G
914282	290	292	147	0	0	0	145	0	0	0	240826Chi_D24-13558	G
986468	290	148	84	0	0	0	64	0	0	0	240826Chi_D24-13558	G
1116463	0	181	0	0	43	51	0	1	41	45	240826Chi_D24-13558	C
1146134	290	225	110	0	0	0	115	0	0	0	240826Chi_D24-13558	G
1278649	290	169	85	0	0	0	84	0	0	0	240826Chi_D24-13558	T
1309866	290	190	0	103	0	0	0	87	0	0	240826Chi_D24-13558	A
1334890	290	271	0	0	0	138	0	0	0	133	240826Chi_D24-13558	C
1334904	290	280	2	0	139	0	0	0	139	0	240826Chi_D24-13558	A
1335199	290	217	104	0	0	0	113	0	0	0	240826Chi_D24-13558	C
1425705	290	208	0	0	103	0	0	0	103	2	240826Chi_D24-13558	T
1494883	290	240	130	0	0	0	109	1	0	0	240826Chi_D24-13558	C
1515640	290	206	0	0	0	129	0	0	0	77	240826Chi_D24-13558	A
1580333	290	197	0	101	0	0	0	96	0	0	240826Chi_D24-13558	G
10777	0	2152	1	525	539	0	2	558	527	0	240826Chi_D24-13559	C
20384	290	1940	5	0	1005	1	2	0	927	0	240826Chi_D24-13559	T
56667	290	2498	1167	1	0	0	1329	1	0	0	240826Chi_D24-13559	C
66119	0	2252	1	671	686	0	1	450	443	0	240826Chi_D24-13559	T
215324	290	2609	0	1311	0	0	0	1298	0	0	240826Chi_D24-13559	C
234040	290	1865	0	1	0	925	0	3	0	936	240826Chi_D24-13559	T
354931	290	1983	1	1081	0	0	0	901	0	0	240826Chi_D24-13559	A
422386	290	1685	851	0	0	0	833	1	0	0	240826Chi_D24-13559	G
456158	290	1562	1	855	0	0	0	706	0	0	240826Chi_D24-13559	A
456159	290	1562	1	855	0	0	0	706	0	0	240826Chi_D24-13559	C
467150	290	1992	1220	0	0	0	770	2	0	0	240826Chi_D24-13559	G
577269	282	3033	1511	0	1	0	1519	1	1	0	240826Chi_D24-13559	G
630550	290	1903	921	0	0	0	981	0	1	0	240826Chi_D24-13559	G
679340	290	2108	0	1	1	1138	0	4	0	964	240826Chi_D24-13559	T
762764	290	2154	1163	0	0	0	990	1	0	0	240826Chi_D24-13559	G
845540	290	2607	1195	0	0	1	1410	1	0	0	240826Chi_D24-13559	G
854993	0	2783	593	1	0	966	466	1	0	756	240826Chi_D24-13559	A
859869	290	1953	876	2	0	0	1075	0	0	0	240826Chi_D24-13559	G
860229	290	1795	3	754	0	0	0	1038	0	0	240826Chi_D24-13559	G
880035	282	2002	1010	1	0	0	989	1	1	0	240826Chi_D24-13559	G
914282	290	2713	1407	0	0	0	1306	0	0	0	240826Chi_D24-13559	G
986468	290	1735	1029	0	0	2	702	1	0	1	240826Chi_D24-13559	G
1116463	0	2433	2	1	595	554	0	0	668	613	240826Chi_D24-13559	C
1146134	282	2689	1299	1	6	0	1382	1	0	0	240826Chi_D24-13559	G
1278649	290	1755	856	0	0	0	899	0	0	0	240826Chi_D24-13559	T
1309866	290	2400	0	1218	0	0	1	1181	0	0	240826Chi_D24-13559	A
1334890	282	3258	1	0	0	1654	1	2	0	1600	240826Chi_D24-13559	C
1334904	282	3094	1	0	1513	1	0	1	1578	0	240826Chi_D24-13559	A
1335199	290	2674	1298	0	0	0	1374	2	0	0	240826Chi_D24-13559	C
1425705	290	2693	0	1	1263	0	1	0	1426	2	240826Chi_D24-13559	T
1494883	290	2525	1469	0	2	0	1051	3	0	0	240826Chi_D24-13559	C
1515640	290	1649	0	0	0	1141	0	0	0	508	240826Chi_D24-13559	A
1580333	282	2610	0	1330	1	0	1	1277	1	0	240826Chi_D24-13559	G
10777	32	73	0	31	4	0	0	34	4	0	240826Chi_D24-13560	C
20384	189	81	0	0	46	0	0	0	35	0	240826Chi_D24-13560	T
56667	186	85	41	0	0	0	44	0	0	0	240826Chi_D24-13560	C
66119	97	71	0	2	34	0	0	2	33	0	240826Chi_D24-13560	T
215324	198	80	0	36	0	0	0	44	0	0	240826Chi_D24-13560	C
234040	158	66	0	0	0	33	0	0	0	33	240826Chi_D24-13560	T
354931	195	91	0	48	0	0	0	43	0	0	240826Chi_D24-13560	A
422386	164	64	36	0	0	0	28	0	0	0	240826Chi_D24-13560	G
456158	170	72	0	40	0	0	0	32	0	0	240826Chi_D24-13560	A
456159	170	72	0	40	0	0	0	32	0	0	240826Chi_D24-13560	C
467150	207	88	47	0	0	0	41	0	0	0	240826Chi_D24-13560	G
577269	258	112	56	0	0	0	56	0	0	0	240826Chi_D24-13560	G
630550	192	87	41	0	0	0	46	0	0	0	240826Chi_D24-13560	G
679340	231	110	0	0	0	62	0	0	0	48	240826Chi_D24-13560	T
762764	225	91	50	0	0	0	41	0	0	0	240826Chi_D24-13560	G
845540	179	73	30	0	0	0	43	0	0	0	240826Chi_D24-13560	G
854993	76	88	4	0	0	44	3	0	0	37	240826Chi_D24-13560	A
859869	213	83	35	0	0	0	48	0	0	0	240826Chi_D24-13560	G
860229	195	83	1	38	0	0	0	44	0	0	240826Chi_D24-13560	G
880035	195	81	42	0	0	0	39	0	0	0	240826Chi_D24-13560	G
914282	201	86	46	0	1	0	39	0	0	0	240826Chi_D24-13560	G
986468	216	91	52	0	0	0	39	0	0	0	240826Chi_D24-13560	G
1116463	13	70	0	0	5	32	0	0	4	29	240826Chi_D24-13560	C
1146134	216	93	41	0	0	0	52	0	0	0	240826Chi_D24-13560	G
1278649	164	66	33	0	0	0	33	0	0	0	240826Chi_D24-13560	T
1309866	155	60	0	33	0	0	0	27	0	0	240826Chi_D24-13560	A
1334890	249	109	0	0	0	52	0	0	0	57	240826Chi_D24-13560	C
1334904	222	94	0	0	45	0	0	0	49	0	240826Chi_D24-13560	A
1335199	158	66	31	0	0	0	35	0	0	0	240826Chi_D24-13560	C
1425705	176	69	0	0	31	0	0	0	38	0	240826Chi_D24-13560	T
1494883	255	113	57	0	0	0	56	0	0	0	240826Chi_D24-13560	C
1515640	201	74	0	0	0	50	0	0	0	24	240826Chi_D24-13560	A
1580333	195	74	0	38	0	0	0	36	0	0	240826Chi_D24-13560	G
10777	290	552	0	250	16	0	0	263	23	0	240826Chi_D24-13561	C
20384	290	487	2	0	253	0	0	0	232	0	240826Chi_D24-13561	T
56667	290	519	241	0	0	0	278	0	0	0	240826Chi_D24-13561	C
66119	290	597	1	22	324	0	0	21	229	0	240826Chi_D24-13561	T
215324	290	557	0	269	0	0	0	288	0	0	240826Chi_D24-13561	C
234040	290	477	0	0	1	231	0	1	0	244	240826Chi_D24-13561	T
354931	290	427	0	221	0	0	0	206	0	0	240826Chi_D24-13561	A
422386	290	423	219	0	0	0	204	0	0	0	240826Chi_D24-13561	G
456158	290	334	0	186	0	0	0	148	0	0	240826Chi_D24-13561	A
456159	290	334	0	186	0	0	0	148	0	0	240826Chi_D24-13561	C
467150	290	481	288	0	0	0	193	0	0	0	240826Chi_D24-13561	G
577269	282	769	387	1	1	0	379	1	0	0	240826Chi_D24-13561	G
630550	290	457	218	0	0	0	238	1	0	0	240826Chi_D24-13561	G
679340	290	538	0	0	0	296	0	1	0	241	240826Chi_D24-13561	T
762764	290	574	318	0	0	0	254	2	0	0	240826Chi_D24-13561	G
845540	290	677	309	0	0	0	368	0	0	0	240826Chi_D24-13561	G
854993	290	668	22	1	0	338	23	0	0	284	240826Chi_D24-13561	A
859869	290	495	227	0	0	0	268	0	0	0	240826Chi_D24-13561	G
860229	290	501	1	221	0	0	0	279	0	0	240826Chi_D24-13561	G
880035	290	469	237	0	0	0	232	0	0	0	240826Chi_D24-13561	G
914282	290	717	362	0	0	0	355	0	0	0	240826Chi_D24-13561	G
986468	290	419	249	1	0	0	167	2	0	0	240826Chi_D24-13561	G
1116463	290	619	0	0	21	269	0	1	20	308	240826Chi_D24-13561	C
1146134	290	599	259	0	1	0	337	2	0	0	240826Chi_D24-13561	G
1278649	290	425	209	0	0	0	216	0	0	0	240826Chi_D24-13561	T
1309866	290	562	0	283	0	0	0	279	0	0	240826Chi_D24-13561	A
1334890	290	837	0	0	0	423	0	1	0	413	240826Chi_D24-13561	C
1334904	290	777	0	0	373	0	1	0	403	0	240826Chi_D24-13561	A
1335199	282	703	344	0	0	1	356	2	0	0	240826Chi_D24-13561	C
1425705	290	592	0	0	280	0	0	0	311	1	240826Chi_D24-13561	T
1494883	290	635	354	0	0	0	280	1	0	0	240826Chi_D24-13561	C
1515640	290	434	0	1	0	274	0	0	0	159	240826Chi_D24-13561	A
1580333	290	670	0	355	0	0	0	315	0	0	240826Chi_D24-13561	G
10777	160	164	0	67	3	0	0	87	7	0	240826Chi_D24-13562	C
20384	290	140	0	0	73	0	0	0	67	0	240826Chi_D24-13562	T
56667	290	145	66	0	0	0	79	0	0	0	240826Chi_D24-13562	C
66119	33	167	0	12	89	0	0	10	56	0	240826Chi_D24-13562	T
215324	290	178	0	85	0	0	0	93	0	0	240826Chi_D24-13562	C
234040	288	113	0	0	0	50	0	0	0	63	240826Chi_D24-13562	T
354931	290	150	0	75	0	0	0	75	0	0	240826Chi_D24-13562	A
422386	290	127	62	0	0	0	65	0	0	0	240826Chi_D24-13562	G
456158	231	88	0	46	0	0	0	42	0	0	240826Chi_D24-13562	A
456159	231	88	0	46	0	0	0	42	0	0	240826Chi_D24-13562	C
467150	290	128	77	0	0	0	51	0	0	0	240826Chi_D24-13562	G
577269	290	228	120	0	0	0	108	0	0	0	240826Chi_D24-13562	G
630550	290	138	73	0	0	0	65	0	0	0	240826Chi_D24-13562	G
679340	290	188	0	0	0	102	0	0	0	86	240826Chi_D24-13562	T
762764	290	185	93	0	0	0	92	0	0	0	240826Chi_D24-13562	G
845540	290	202	90	0	0	0	112	0	0	0	240826Chi_D24-13562	G
854993	66	179	7	0	0	88	9	0	0	75	240826Chi_D24-13562	A
859869	290	132	61	0	0	0	71	0	0	0	240826Chi_D24-13562	G
860229	290	168	1	80	0	0	0	87	0	0	240826Chi_D24-13562	G
880035	290	162	82	0	0	0	80	0	0	0	240826Chi_D24-13562	G
914282	290	198	106	0	0	1	91	0	0	0	240826Chi_D24-13562	G
986468	290	126	78	0	0	0	48	0	0	0	240826Chi_D24-13562	G
1116463	21	163	0	0	8	64	0	0	9	82	240826Chi_D24-13562	C
1146134	290	195	84	0	1	1	109	0	0	0	240826Chi_D24-13562	G
1278649	290	136	61	0	0	0	75	0	0	0	240826Chi_D24-13562	T
1309866	290	134	0	66	0	0	0	68	0	0	240826Chi_D24-13562	A
1334890	290	208	0	0	0	107	0	0	0	101	240826Chi_D24-13562	C
1334904	290	195	0	0	94	0	0	0	101	0	240826Chi_D24-13562	A
1335199	290	174	89	0	0	0	85	0	0	0	240826Chi_D24-13562	C
1425705	290	178	1	0	78	0	0	0	99	0	240826Chi_D24-13562	T
1494883	290	162	93	1	0	0	68	0	0	0	240826Chi_D24-13562	C
1515640	290	127	0	0	0	82	0	0	0	45	240826Chi_D24-13562	A
1580333	290	184	0	97	0	0	0	87	0	0	240826Chi_D24-13562	G
10777	0	153	0	41	35	0	0	46	31	0	240826Chi_D24-13569	C
20384	261	118	1	0	63	0	0	0	54	0	240826Chi_D24-13569	T
56667	290	179	81	0	0	0	98	0	0	0	240826Chi_D24-13569	C
66119	0	181	0	42	65	0	0	21	53	0	240826Chi_D24-13569	T
215324	290	137	0	68	0	0	0	69	0	0	240826Chi_D24-13569	C
234040	290	134	0	0	0	60	0	0	0	74	240826Chi_D24-13569	T
354931	243	102	0	54	0	0	0	48	0	0	240826Chi_D24-13569	A
422386	252	108	52	0	0	0	56	0	0	0	240826Chi_D24-13569	G
456158	240	98	0	54	0	0	0	44	0	0	240826Chi_D24-13569	A
456159	240	98	0	54	0	0	0	44	0	0	240826Chi_D24-13569	C
467150	290	134	80	0	0	0	54	0	0	0	240826Chi_D24-13569	G
577269	290	215	117	0	0	0	98	0	0	0	240826Chi_D24-13569	G
630550	246	109	52	0	0	0	57	0	0	0	240826Chi_D24-13569	G
679340	290	155	0	0	0	87	0	1	0	67	240826Chi_D24-13569	T
762764	290	165	87	0	0	0	78	0	0	0	240826Chi_D24-13569	G
845540	290	184	87	0	0	0	97	0	0	0	240826Chi_D24-13569	G
854993	0	189	38	1	1	59	39	0	0	51	240826Chi_D24-13569	A
859869	290	143	68	0	0	0	75	0	0	0	240826Chi_D24-13569	G
860229	290	162	0	62	0	0	0	100	0	0	240826Chi_D24-13569	G
880035	252	121	56	0	0	0	64	0	0	1	240826Chi_D24-13569	G
914282	290	202	104	0	0	0	98	0	0	0	240826Chi_D24-13569	G
986468	290	131	80	0	0	0	51	0	0	0	240826Chi_D24-13569	G
1116463	0	124	0	0	20	35	0	0	28	41	240826Chi_D24-13569	C
1146134	290	122	61	0	0	0	61	0	0	0	240826Chi_D24-13569	G
1278649	261	111	58	0	0	0	53	0	0	0	240826Chi_D24-13569	T
1309866	290	150	0	78	0	0	0	72	0	0	240826Chi_D24-13569	A
1334890	290	237	0	0	0	120	0	0	0	117	240826Chi_D24-13569	C
1334904	290	224	0	0	113	0	0	0	111	0	240826Chi_D24-13569	A
1335199	290	179	92	0	0	0	87	0	0	0	240826Chi_D24-13569	C
1425705	290	154	0	0	77	0	0	0	77	0	240826Chi_D24-13569	T
1494883	290	181	105	0	1	0	75	0	0	0	240826Chi_D24-13569	C
1515640	290	123	0	0	0	90	0	0	0	33	240826Chi_D24-13569	A
1580333	290	170	0	87	0	0	0	83	0	0	240826Chi_D24-13569	G
10777	0	76	0	25	15	0	0	23	13	0	240826Chi_D24-13570	C
20384	204	97	0	0	48	0	0	0	49	0	240826Chi_D24-13570	T
56667	234	112	53	0	0	0	58	1	0	0	240826Chi_D24-13570	C
66119	0	93	0	18	29	0	0	19	27	0	240826Chi_D24-13570	T
215324	179	78	0	36	0	0	0	42	0	0	240826Chi_D24-13570	C
234040	204	98	0	0	0	46	0	0	0	52	240826Chi_D24-13570	T
354931	210	98	0	49	0	0	0	49	0	0	240826Chi_D24-13570	A
422386	156	79	43	0	0	0	34	1	0	1	240826Chi_D24-13570	G
456158	167	68	0	31	0	0	0	37	0	0	240826Chi_D24-13570	A
456159	167	68	0	31	0	0	0	37	0	0	240826Chi_D24-13570	C
467150	219	104	58	0	0	0	46	0	0	0	240826Chi_D24-13570	G
577269	279	134	67	0	0	0	67	0	0	0	240826Chi_D24-13570	G
630550	167	79	36	0	0	0	43	0	0	0	240826Chi_D24-13570	G
679340	264	124	0	0	0	66	0	0	0	58	240826Chi_D24-13570	T
762764	192	82	45	0	0	0	37	0	0	0	240826Chi_D24-13570	G
845540	255	117	51	0	0	0	65	1	0	0	240826Chi_D24-13570	G
854993	0	120	21	0	0	43	21	0	0	35	240826Chi_D24-13570	A
859869	186	76	40	0	0	0	36	0	0	0	240826Chi_D24-13570	G
860229	219	107	1	49	0	0	0	57	0	0	240826Chi_D24-13570	G
880035	213	91	48	0	0	0	43	0	0	0	240826Chi_D24-13570	G
914282	255	128	64	0	0	0	64	0	0	0	240826Chi_D24-13570	G
986468	201	89	48	0	0	0	41	0	0	0	240826Chi_D24-13570	G
1116463	0	82	0	0	17	21	0	0	21	23	240826Chi_D24-13570	C
1146134	240	112	56	0	0	0	56	0	0	0	240826Chi_D24-13570	G
1278649	198	89	45	0	0	0	44	0	0	0	240826Chi_D24-13570	T
1309866	205	109	1	54	0	0	0	54	0	0	240826Chi_D24-13570	A
1334890	290	176	0	0	0	89	0	0	0	87	240826Chi_D24-13570	C
1334904	290	182	0	0	90	0	0	0	92	0	240826Chi_D24-13570	A
1335199	249	122	56	0	0	0	66	0	0	0	240826Chi_D24-13570	C
1425705	216	100	0	0	48	0	0	0	52	0	240826Chi_D24-13570	T
1494883	264	122	65	0	0	0	57	0	0	0	240826Chi_D24-13570	C
1515640	195	86	0	0	0	52	0	0	0	34	240826Chi_D24-13570	A
1580333	249	106	0	56	0	0	0	50	0	0	240826Chi_D24-13570	G
10777	0	50	0	13	13	0	0	12	12	0	240826Chi_D24-13571	C
20384	173	69	0	0	38	0	0	0	31	0	240826Chi_D24-13571	T
56667	164	64	28	0	0	0	36	0	0	0	240826Chi_D24-13571	C
66119	0	80	1	22	22	0	0	19	16	0	240826Chi_D24-13571	T
215324	167	66	0	33	0	0	0	33	0	0	240826Chi_D24-13571	C
234040	143	49	0	0	0	22	0	0	0	27	240826Chi_D24-13571	T
354931	134	50	1	27	0	0	0	22	0	0	240826Chi_D24-13571	A
422386	122	44	21	0	0	0	23	0	0	0	240826Chi_D24-13571	G
456158	116	36	0	14	0	0	0	22	0	0	240826Chi_D24-13571	A
456159	116	36	0	14	0	0	0	22	0	0	240826Chi_D24-13571	C
467150	158	57	30	0	0	0	27	0	0	0	240826Chi_D24-13571	G
577269	189	76	38	1	0	0	37	0	0	0	240826Chi_D24-13571	G
630550	128	44	21	0	0	0	23	0	0	0	240826Chi_D24-13571	G
679340	125	68	0	0	0	35	0	1	0	32	240826Chi_D24-13571	T
762764	164	63	35	0	0	0	28	0	0	0	240826Chi_D24-13571	G
845540	189	81	32	0	0	0	49	0	0	0	240826Chi_D24-13571	G
854993	0	60	16	0	0	16	14	0	0	14	240826Chi_D24-13571	A
859869	122	41	17	0	0	0	24	0	0	0	240826Chi_D24-13571	G
860229	131	49	0	20	0	0	0	29	0	0	240826Chi_D24-13571	G
880035	140	51	27	0	0	0	24	0	0	0	240826Chi_D24-13571	G
914282	192	78	40	0	0	0	38	0	0	0	240826Chi_D24-13571	G
986468	125	47	23	0	0	0	24	0	0	0	240826Chi_D24-13571	G
1116463	0	42	0	0	10	11	0	0	11	10	240826Chi_D24-13571	C
1146134	164	69	33	1	0	0	35	0	0	0	240826Chi_D24-13571	G
1278649	176	74	41	0	0	0	33	0	0	0	240826Chi_D24-13571	T
1309866	158	59	0	30	0	0	0	29	0	0	240826Chi_D24-13571	A
1334890	186	78	0	0	0	33	0	0	0	45	240826Chi_D24-13571	C
1334904	201	79	0	0	34	0	0	0	45	0	240826Chi_D24-13571	A
1335199	146	59	31	0	0	0	28	0	0	0	240826Chi_D24-13571	C
1425705	158	67	0	0	33	0	0	0	34	0	240826Chi_D24-13571	T
1494883	176	77	42	0	0	0	35	0	0	0	240826Chi_D24-13571	C
1515640	125	40	0	0	0	29	0	0	0	11	240826Chi_D24-13571	A
1580333	192	77	0	42	0	0	0	35	0	0	240826Chi_D24-13571	G
